{"cameraMode":{"drawMode":0,"name":"Shaded","section":"Shading Mode"},"sceneLighting":false,"audioPlay":false,"sceneViewState":{"showFog":true,"showMaterialUpdate":false,"showSkybox":false,"showFlares":true,"showImageEffects":true,"showParticleSystems":true,"showVisualEffectGraphs":true,"m_FxEnabled":true},"in2DMode":false,"pivot":{"x":-25.195491790771486,"y":3.885347366333008,"z":10.542703628540039},"rotation":{"x":0.015454355627298355,"y":-0.9836167693138123,"z":0.17148126661777497,"w":0.07148744910955429},"size":2.507401466369629,"orthographic":false}