{"cameraMode":{"drawMode":0,"name":"Shaded","section":"Shading Mode"},"sceneLighting":false,"audioPlay":false,"sceneViewState":{"showFog":true,"showMaterialUpdate":false,"showSkybox":false,"showFlares":true,"showImageEffects":true,"showParticleSystems":true,"showVisualEffectGraphs":true,"m_FxEnabled":true},"in2DMode":false,"pivot":{"x":1.1187281608581544,"y":1.3290115594863892,"z":20.49554443359375},"rotation":{"x":0.27600497007369997,"y":0.1865847110748291,"z":-0.055910199880599979,"w":0.9417791366577148},"size":2.0297470092773439,"orthographic":false}